ID,Airline.ID,Destination.Airport.ID,Source.Airport.ID,Airline,Source.Airport,Destination.Airport,Codeshare,Stops,Equipment,Source_Name,Source_City,Source_Country,Source_IATA,Source_ICAO,Source_Lat,Source_Long,Source_Alt,Source_TZ,Source_DST,dest_Name,dest_City,dest_Country,dest_IATA,dest_ICAO,dest_Lat,dest_Long,dest_Alt,dest_TZ,dest_DST,Airline_Name,Airline_Alias,Airline_IATA,Airline_ICAO,Airline_Callsign,Airline_Country,Airline_Active
2921,1355,507,273,BA,LOS,LHR,,0,744,Murtala Muhammed,Lagos,Nigeria,LOS,DNMM,6.577369,3.321156,135,1,N,Heathrow,London,United Kingdom,LHR,EGLL,51.4775,-0.461389,83,0,E,British Airways,\N,BA,BAW,SPEEDBIRD,United Kingdom,Y
2960,1355,507,260,BA,ABV,LHR,,0,777,Nnamdi Azikiwe Intl,Abuja,Nigeria,ABV,DNAA,9.006792,7.263172,1123,1,N,Heathrow,London,United Kingdom,LHR,EGLL,51.4775,-0.461389,83,0,E,British Airways,\N,BA,BAW,SPEEDBIRD,United Kingdom,Y
3111,1355,273,507,BA,LHR,LOS,,0,744,Heathrow,London,United Kingdom,LHR,EGLL,51.4775,-0.461389,83,0,E,Murtala Muhammed,Lagos,Nigeria,LOS,DNMM,6.577369,3.321156,135,1,N,British Airways,\N,BA,BAW,SPEEDBIRD,United Kingdom,Y
3165,1355,260,507,BA,LHR,ABV,,0,777,Heathrow,London,United Kingdom,LHR,EGLL,51.4775,-0.461389,83,0,E,Nnamdi Azikiwe Intl,Abuja,Nigeria,ABV,DNAA,9.006792,7.263172,1123,1,N,British Airways,\N,BA,BAW,SPEEDBIRD,United Kingdom,Y
3368,137,1382,260,AF,ABV,CDG,,0,772,Nnamdi Azikiwe Intl,Abuja,Nigeria,ABV,DNAA,9.006792,7.263172,1123,1,N,Charles De Gaulle,Paris,France,CDG,LFPG,49.012779,2.55,392,1,E,Air France,\N,AF,AFR,AIRFRANS,France,Y
3408,137,260,275,AF,PHC,ABV,,0,772,Port Harcourt Intl,Port Hartcourt,Nigeria,PHC,DNPO,5.015494,6.949594,87,1,N,Nnamdi Azikiwe Intl,Abuja,Nigeria,ABV,DNAA,9.006792,7.263172,1123,1,N,Air France,\N,AF,AFR,AIRFRANS,France,Y
3590,137,273,1382,AF,CDG,LOS,,0,332,Charles De Gaulle,Paris,France,CDG,LFPG,49.012779,2.55,392,1,E,Murtala Muhammed,Lagos,Nigeria,LOS,DNMM,6.577369,3.321156,135,1,N,Air France,\N,AF,AFR,AIRFRANS,France,Y
3682,137,260,1382,AF,CDG,ABV,,0,772,Charles De Gaulle,Paris,France,CDG,LFPG,49.012779,2.55,392,1,E,Nnamdi Azikiwe Intl,Abuja,Nigeria,ABV,DNAA,9.006792,7.263172,1123,1,N,Air France,\N,AF,AFR,AIRFRANS,France,Y
3767,137,1382,273,AF,LOS,CDG,,0,332,Murtala Muhammed,Lagos,Nigeria,LOS,DNMM,6.577369,3.321156,135,1,N,Charles De Gaulle,Paris,France,CDG,LFPG,49.012779,2.55,392,1,E,Air France,\N,AF,AFR,AIRFRANS,France,Y
3770,137,275,260,AF,ABV,PHC,,0,772,Nnamdi Azikiwe Intl,Abuja,Nigeria,ABV,DNAA,9.006792,7.263172,1123,1,N,Port Harcourt Intl,Port Hartcourt,Nigeria,PHC,DNPO,5.015494,6.949594,87,1,N,Air France,\N,AF,AFR,AIRFRANS,France,Y
5432,1531,273,340,SN,FRA,LOS,Y,0,333,Frankfurt Main,Frankfurt,Germany,FRA,EDDF,50.026421,8.543125,364,1,E,Murtala Muhammed,Lagos,Nigeria,LOS,DNMM,6.577369,3.321156,135,1,N,Brussels Airlines,SN Brussels Airlines,SN,DAT,BEE-LINE,Belgium,Y
5522,1531,273,275,SN,PHC,LOS,Y,0,333,Port Harcourt Intl,Port Hartcourt,Nigeria,PHC,DNPO,5.015494,6.949594,87,1,N,Murtala Muhammed,Lagos,Nigeria,LOS,DNMM,6.577369,3.321156,135,1,N,Brussels Airlines,SN Brussels Airlines,SN,DAT,BEE-LINE,Belgium,Y
5561,1531,275,273,SN,LOS,PHC,Y,0,333,Murtala Muhammed,Lagos,Nigeria,LOS,DNMM,6.577369,3.321156,135,1,N,Port Harcourt Intl,Port Hartcourt,Nigeria,PHC,DNPO,5.015494,6.949594,87,1,N,Brussels Airlines,SN Brussels Airlines,SN,DAT,BEE-LINE,Belgium,Y
5574,1531,340,273,SN,LOS,FRA,Y,0,333,Murtala Muhammed,Lagos,Nigeria,LOS,DNMM,6.577369,3.321156,135,1,N,Frankfurt Main,Frankfurt,Germany,FRA,EDDF,50.026421,8.543125,364,1,E,Brussels Airlines,SN Brussels Airlines,SN,DAT,BEE-LINE,Belgium,Y
6237,16415,273,897,QC,DLA,LOS,,0,737,Douala,Douala,Cameroon,DLA,FKKD,4.006081,9.719481,33,1,N,Murtala Muhammed,Lagos,Nigeria,LOS,DNMM,6.577369,3.321156,135,1,N,Camair-co,,QC,\N,,Cameroon,Y
6241,16415,273,253,QC,ABJ,LOS,,0,737,Abidjan Felix Houphouet Boigny Intl,Abidjan,Cote d'Ivoire,ABJ,DIAP,5.261386,-3.926294,21,0,N,Murtala Muhammed,Lagos,Nigeria,LOS,DNMM,6.577369,3.321156,135,1,N,Camair-co,,QC,\N,,Cameroon,Y
6249,16415,253,273,QC,LOS,ABJ,,0,737,Murtala Muhammed,Lagos,Nigeria,LOS,DNMM,6.577369,3.321156,135,1,N,Abidjan Felix Houphouet Boigny Intl,Abidjan,Cote d'Ivoire,ABJ,DIAP,5.261386,-3.926294,21,0,N,Camair-co,,QC,\N,,Cameroon,Y
6254,16415,897,273,QC,LOS,DLA,,0,737,Murtala Muhammed,Lagos,Nigeria,LOS,DNMM,6.577369,3.321156,135,1,N,Douala,Douala,Cameroon,DLA,FKKD,4.006081,9.719481,33,1,N,Camair-co,,QC,\N,,Cameroon,Y
11824,2009,1382,260,DL,ABV,CDG,Y,0,772,Nnamdi Azikiwe Intl,Abuja,Nigeria,ABV,DNAA,9.006792,7.263172,1123,1,N,Charles De Gaulle,Paris,France,CDG,LFPG,49.012779,2.55,392,1,E,Delta Air Lines,\N,DL,DAL,DELTA,United States,Y
12414,2009,260,275,DL,PHC,ABV,Y,0,772,Port Harcourt Intl,Port Hartcourt,Nigeria,PHC,DNPO,5.015494,6.949594,87,1,N,Nnamdi Azikiwe Intl,Abuja,Nigeria,ABV,DNAA,9.006792,7.263172,1123,1,N,Delta Air Lines,\N,DL,DAL,DELTA,United States,Y
12784,2009,260,1382,DL,CDG,ABV,Y,0,772,Charles De Gaulle,Paris,France,CDG,LFPG,49.012779,2.55,392,1,E,Nnamdi Azikiwe Intl,Abuja,Nigeria,ABV,DNAA,9.006792,7.263172,1123,1,N,Delta Air Lines,\N,DL,DAL,DELTA,United States,Y
12986,2009,275,260,DL,ABV,PHC,Y,0,772,Nnamdi Azikiwe Intl,Abuja,Nigeria,ABV,DNAA,9.006792,7.263172,1123,1,N,Port Harcourt Intl,Port Hartcourt,Nigeria,PHC,DNPO,5.015494,6.949594,87,1,N,Delta Air Lines,\N,DL,DAL,DELTA,United States,Y
13953,2143,1128,270,MS,KAN,CAI,,0,320,Mallam Aminu Intl,Kano,Nigeria,KAN,DNKN,12.047589,8.524622,1562,1,N,Cairo Intl,Cairo,Egypt,CAI,HECA,30.121944,31.405556,382,2,U,Egyptair,\N,MS,MSR,EGYPTAIR,Egypt,Y
13964,2143,273,1128,MS,CAI,LOS,,0,738,Cairo Intl,Cairo,Egypt,CAI,HECA,30.121944,31.405556,382,2,U,Murtala Muhammed,Lagos,Nigeria,LOS,DNMM,6.577369,3.321156,135,1,N,Egyptair,\N,MS,MSR,EGYPTAIR,Egypt,Y
14094,2143,260,1128,MS,CAI,ABV,,0,738,Cairo Intl,Cairo,Egypt,CAI,HECA,30.121944,31.405556,382,2,U,Nnamdi Azikiwe Intl,Abuja,Nigeria,ABV,DNAA,9.006792,7.263172,1123,1,N,Egyptair,\N,MS,MSR,EGYPTAIR,Egypt,Y
14130,2143,1128,273,MS,LOS,CAI,,0,738,Murtala Muhammed,Lagos,Nigeria,LOS,DNMM,6.577369,3.321156,135,1,N,Cairo Intl,Cairo,Egypt,CAI,HECA,30.121944,31.405556,382,2,U,Egyptair,\N,MS,MSR,EGYPTAIR,Egypt,Y
14143,2143,1128,260,MS,ABV,CAI,,0,738,Nnamdi Azikiwe Intl,Abuja,Nigeria,ABV,DNAA,9.006792,7.263172,1123,1,N,Cairo Intl,Cairo,Egypt,CAI,HECA,30.121944,31.405556,382,2,U,Egyptair,\N,MS,MSR,EGYPTAIR,Egypt,Y
14151,2143,270,1128,MS,CAI,KAN,,0,320,Cairo Intl,Cairo,Egypt,CAI,HECA,30.121944,31.405556,382,2,U,Mallam Aminu Intl,Kano,Nigeria,KAN,DNKN,12.047589,8.524622,1562,1,N,Egyptair,\N,MS,MSR,EGYPTAIR,Egypt,Y
14773,2183,2188,273,EK,LOS,DXB,,0,77W,Murtala Muhammed,Lagos,Nigeria,LOS,DNMM,6.577369,3.321156,135,1,N,Dubai Intl,Dubai,United Arab Emirates,DXB,OMDB,25.252778,55.364444,62,4,U,Emirates,Emirates Airlines,EK,UAE,EMIRATES,United Arab Emirates,Y
14840,2183,273,2188,EK,DXB,LOS,,0,77W,Dubai Intl,Dubai,United Arab Emirates,DXB,OMDB,25.252778,55.364444,62,4,U,Murtala Muhammed,Lagos,Nigeria,LOS,DNMM,6.577369,3.321156,135,1,N,Emirates,Emirates Airlines,EK,UAE,EMIRATES,United Arab Emirates,Y
15122,2220,970,273,ET,LOS,LBV,Y,0,73W,Murtala Muhammed,Lagos,Nigeria,LOS,DNMM,6.577369,3.321156,135,1,N,Leon M Ba,Libreville,Gabon,LBV,FOOL,0.4586,9.412283,39,1,N,Ethiopian Airlines,\N,ET,ETH,ETHIOPIAN,Ethiopia,Y
15147,2220,1107,264,ET,ENU,ADD,,0,738,Enugu,Enugu,Nigeria,ENU,DNEN,6.474272,7.561961,466,1,N,Bole Intl,Addis Ababa,Ethiopia,ADD,HAAB,8.977889,38.799319,7656,3,U,Ethiopian Airlines,\N,ET,ETH,ETHIOPIAN,Ethiopia,Y
15161,2220,298,260,ET,ABV,LFW,Y,0,DH8,Nnamdi Azikiwe Intl,Abuja,Nigeria,ABV,DNAA,9.006792,7.263172,1123,1,N,Gnassingbe Eyadema Intl,Lome,Togo,LFW,DXXX,6.165611,1.254511,72,1,N,Ethiopian Airlines,\N,ET,ETH,ETHIOPIAN,Ethiopia,Y
15190,2220,273,298,ET,LFW,LOS,,0,73W,Gnassingbe Eyadema Intl,Lome,Togo,LFW,DXXX,6.165611,1.254511,72,1,N,Murtala Muhammed,Lagos,Nigeria,LOS,DNMM,6.577369,3.321156,135,1,N,Ethiopian Airlines,\N,ET,ETH,ETHIOPIAN,Ethiopia,Y
15193,2220,260,999,ET,NDJ,ABV,Y,0,DH8,Ndjamena Hassan Djamous,N'djamena,Chad,NDJ,FTTJ,12.133689,15.034019,968,1,N,Nnamdi Azikiwe Intl,Abuja,Nigeria,ABV,DNAA,9.006792,7.263172,1123,1,N,Ethiopian Airlines,\N,ET,ETH,ETHIOPIAN,Ethiopia,Y
15202,2220,260,245,ET,COO,ABV,Y,0,DH8,Cadjehoun,Cotonou,Benin,COO,DBBB,6.357228,2.384353,19,1,N,Nnamdi Azikiwe Intl,Abuja,Nigeria,ABV,DNAA,9.006792,7.263172,1123,1,N,Ethiopian Airlines,\N,ET,ETH,ETHIOPIAN,Ethiopia,Y
15203,2220,245,260,ET,ABV,COO,Y,0,DH8,Nnamdi Azikiwe Intl,Abuja,Nigeria,ABV,DNAA,9.006792,7.263172,1123,1,N,Cadjehoun,Cotonou,Benin,COO,DBBB,6.357228,2.384353,19,1,N,Ethiopian Airlines,\N,ET,ETH,ETHIOPIAN,Ethiopia,Y
15207,2220,264,1107,ET,ADD,ENU,,0,738,Bole Intl,Addis Ababa,Ethiopia,ADD,HAAB,8.977889,38.799319,7656,3,U,Enugu,Enugu,Nigeria,ENU,DNEN,6.474272,7.561961,466,1,N,Ethiopian Airlines,\N,ET,ETH,ETHIOPIAN,Ethiopia,Y
15214,2220,1107,273,ET,LOS,ADD,,0,77L,Murtala Muhammed,Lagos,Nigeria,LOS,DNMM,6.577369,3.321156,135,1,N,Bole Intl,Addis Ababa,Ethiopia,ADD,HAAB,8.977889,38.799319,7656,3,U,Ethiopian Airlines,\N,ET,ETH,ETHIOPIAN,Ethiopia,Y
15231,2220,1107,260,ET,ABV,ADD,,0,77L,Nnamdi Azikiwe Intl,Abuja,Nigeria,ABV,DNAA,9.006792,7.263172,1123,1,N,Bole Intl,Addis Ababa,Ethiopia,ADD,HAAB,8.977889,38.799319,7656,3,U,Ethiopian Airlines,\N,ET,ETH,ETHIOPIAN,Ethiopia,Y
15235,2220,253,273,ET,LOS,ABJ,Y,0,DH8,Murtala Muhammed,Lagos,Nigeria,LOS,DNMM,6.577369,3.321156,135,1,N,Abidjan Felix Houphouet Boigny Intl,Abidjan,Cote d'Ivoire,ABJ,DIAP,5.261386,-3.926294,21,0,N,Ethiopian Airlines,\N,ET,ETH,ETHIOPIAN,Ethiopia,Y
15243,2220,273,1107,ET,ADD,LOS,,0,77L,Bole Intl,Addis Ababa,Ethiopia,ADD,HAAB,8.977889,38.799319,7656,3,U,Murtala Muhammed,Lagos,Nigeria,LOS,DNMM,6.577369,3.321156,135,1,N,Ethiopian Airlines,\N,ET,ETH,ETHIOPIAN,Ethiopia,Y
15272,2220,273,970,ET,LBV,LOS,Y,0,73W,Leon M Ba,Libreville,Gabon,LBV,FOOL,0.4586,9.412283,39,1,N,Murtala Muhammed,Lagos,Nigeria,LOS,DNMM,6.577369,3.321156,135,1,N,Ethiopian Airlines,\N,ET,ETH,ETHIOPIAN,Ethiopia,Y
15288,2220,260,298,ET,LFW,ABV,Y,0,DH8,Gnassingbe Eyadema Intl,Lome,Togo,LFW,DXXX,6.165611,1.254511,72,1,N,Nnamdi Azikiwe Intl,Abuja,Nigeria,ABV,DNAA,9.006792,7.263172,1123,1,N,Ethiopian Airlines,\N,ET,ETH,ETHIOPIAN,Ethiopia,Y
15308,2220,260,280,ET,NIM,ABV,Y,0,DH8,Diori Hamani,Niamey,Niger,NIM,DRRN,13.481547,2.183614,732,1,N,Nnamdi Azikiwe Intl,Abuja,Nigeria,ABV,DNAA,9.006792,7.263172,1123,1,N,Ethiopian Airlines,\N,ET,ETH,ETHIOPIAN,Ethiopia,Y
15321,2220,260,1107,ET,ADD,ABV,,0,77L,Bole Intl,Addis Ababa,Ethiopia,ADD,HAAB,8.977889,38.799319,7656,3,U,Nnamdi Azikiwe Intl,Abuja,Nigeria,ABV,DNAA,9.006792,7.263172,1123,1,N,Ethiopian Airlines,\N,ET,ETH,ETHIOPIAN,Ethiopia,Y
15344,2220,298,273,ET,LOS,LFW,,0,73W,Murtala Muhammed,Lagos,Nigeria,LOS,DNMM,6.577369,3.321156,135,1,N,Gnassingbe Eyadema Intl,Lome,Togo,LFW,DXXX,6.165611,1.254511,72,1,N,Ethiopian Airlines,\N,ET,ETH,ETHIOPIAN,Ethiopia,Y
15345,2220,280,260,ET,ABV,NIM,Y,0,DH8,Nnamdi Azikiwe Intl,Abuja,Nigeria,ABV,DNAA,9.006792,7.263172,1123,1,N,Diori Hamani,Niamey,Niger,NIM,DRRN,13.481547,2.183614,732,1,N,Ethiopian Airlines,\N,ET,ETH,ETHIOPIAN,Ethiopia,Y
15351,2220,273,253,ET,ABJ,LOS,Y,0,DH8,Abidjan Felix Houphouet Boigny Intl,Abidjan,Cote d'Ivoire,ABJ,DIAP,5.261386,-3.926294,21,0,N,Murtala Muhammed,Lagos,Nigeria,LOS,DNMM,6.577369,3.321156,135,1,N,Ethiopian Airlines,\N,ET,ETH,ETHIOPIAN,Ethiopia,Y
15363,2220,999,260,ET,ABV,NDJ,Y,0,DH8,Nnamdi Azikiwe Intl,Abuja,Nigeria,ABV,DNAA,9.006792,7.263172,1123,1,N,Ndjamena Hassan Djamous,N'djamena,Chad,NDJ,FTTJ,12.133689,15.034019,968,1,N,Ethiopian Airlines,\N,ET,ETH,ETHIOPIAN,Ethiopia,Y
15410,2222,273,2179,EY,AUH,LOS,,0,332,Abu Dhabi Intl,Abu Dhabi,United Arab Emirates,AUH,OMAA,24.432972,54.651138,88,4,U,Murtala Muhammed,Lagos,Nigeria,LOS,DNMM,6.577369,3.321156,135,1,N,Etihad Airways,\N,EY,ETD,ETIHAD,United Arab Emirates,Y
15487,2222,2179,273,EY,LOS,AUH,,0,332,Murtala Muhammed,Lagos,Nigeria,LOS,DNMM,6.577369,3.321156,135,1,N,Abu Dhabi Intl,Abu Dhabi,United Arab Emirates,AUH,OMAA,24.432972,54.651138,88,4,U,Etihad Airways,\N,EY,ETD,ETIHAD,United Arab Emirates,Y
22132,2822,1229,273,IB,LOS,MAD,,0,319,Murtala Muhammed,Lagos,Nigeria,LOS,DNMM,6.577369,3.321156,135,1,N,Barajas,Madrid,Spain,MAD,LEMD,40.493556,-3.566764,2000,1,E,Iberia Airlines,\N,IB,IBE,IBERIA,Spain,Y
22283,2822,273,1229,IB,MAD,LOS,,0,319,Barajas,Madrid,Spain,MAD,LEMD,40.493556,-3.566764,2000,1,E,Murtala Muhammed,Lagos,Nigeria,LOS,DNMM,6.577369,3.321156,135,1,N,Iberia Airlines,\N,IB,IBE,IBERIA,Spain,Y
25176,3090,1382,260,KL,ABV,CDG,Y,0,772,Nnamdi Azikiwe Intl,Abuja,Nigeria,ABV,DNAA,9.006792,7.263172,1123,1,N,Charles De Gaulle,Paris,France,CDG,LFPG,49.012779,2.55,392,1,E,KLM Royal Dutch Airlines,\N,KL,KLM,KLM,Netherlands,Y
25238,3090,260,1382,KL,CDG,ABV,Y,0,777,Charles De Gaulle,Paris,France,CDG,LFPG,49.012779,2.55,392,1,E,Nnamdi Azikiwe Intl,Abuja,Nigeria,ABV,DNAA,9.006792,7.263172,1123,1,N,KLM Royal Dutch Airlines,\N,KL,KLM,KLM,Netherlands,Y
25269,3090,273,580,KL,AMS,LOS,,0,330,Schiphol,Amsterdam,Netherlands,AMS,EHAM,52.308613,4.763889,-11,1,E,Murtala Muhammed,Lagos,Nigeria,LOS,DNMM,6.577369,3.321156,135,1,N,KLM Royal Dutch Airlines,\N,KL,KLM,KLM,Netherlands,Y
25358,3090,275,260,KL,ABV,PHC,Y,0,772,Nnamdi Azikiwe Intl,Abuja,Nigeria,ABV,DNAA,9.006792,7.263172,1123,1,N,Port Harcourt Intl,Port Hartcourt,Nigeria,PHC,DNPO,5.015494,6.949594,87,1,N,KLM Royal Dutch Airlines,\N,KL,KLM,KLM,Netherlands,Y
25364,3090,580,273,KL,LOS,AMS,,0,330,Murtala Muhammed,Lagos,Nigeria,LOS,DNMM,6.577369,3.321156,135,1,N,Schiphol,Amsterdam,Netherlands,AMS,EHAM,52.308613,4.763889,-11,1,E,KLM Royal Dutch Airlines,\N,KL,KLM,KLM,Netherlands,Y
25449,3090,260,275,KL,PHC,ABV,Y,0,777,Port Harcourt Intl,Port Hartcourt,Nigeria,PHC,DNPO,5.015494,6.949594,87,1,N,Nnamdi Azikiwe Intl,Abuja,Nigeria,ABV,DNAA,9.006792,7.263172,1123,1,N,KLM Royal Dutch Airlines,\N,KL,KLM,KLM,Netherlands,Y
25512,3098,248,273,E2,LOS,ACC,,0,M82,Murtala Muhammed,Lagos,Nigeria,LOS,DNMM,6.577369,3.321156,135,1,N,Kotoka Intl,Accra,Ghana,ACC,DGAA,5.605186,-0.166786,205,0,N,Kampuchea Airlines,\N,E2,KMP,KAMPUCHEA,Cambodia,N
25525,3098,273,248,E2,ACC,LOS,,0,M82,Kotoka Intl,Accra,Ghana,ACC,DGAA,5.605186,-0.166786,205,0,N,Murtala Muhammed,Lagos,Nigeria,LOS,DNMM,6.577369,3.321156,135,1,N,Kampuchea Airlines,\N,E2,KMP,KAMPUCHEA,Cambodia,N
25638,3126,4059,273,KQ,LOS,NBO,,0,738 73W,Murtala Muhammed,Lagos,Nigeria,LOS,DNMM,6.577369,3.321156,135,1,N,Jomo Kenyatta International,Nairobi,Kenya,NBO,HKJK,-1.319167,36.9275,5327,3,N,Kenya Airways,\N,KQ,KQA,KENYA,Kenya,Y
25684,3126,245,273,KQ,LOS,COO,,0,73W,Murtala Muhammed,Lagos,Nigeria,LOS,DNMM,6.577369,3.321156,135,1,N,Cadjehoun,Cotonou,Benin,COO,DBBB,6.357228,2.384353,19,1,N,Kenya Airways,\N,KQ,KQA,KENYA,Kenya,Y
25730,3126,273,4059,KQ,NBO,LOS,,0,738 73W,Jomo Kenyatta International,Nairobi,Kenya,NBO,HKJK,-1.319167,36.9275,5327,3,N,Murtala Muhammed,Lagos,Nigeria,LOS,DNMM,6.577369,3.321156,135,1,N,Kenya Airways,\N,KQ,KQA,KENYA,Kenya,Y
29058,3320,340,260,LH,ABV,FRA,,0,333,Nnamdi Azikiwe Intl,Abuja,Nigeria,ABV,DNAA,9.006792,7.263172,1123,1,N,Frankfurt Main,Frankfurt,Germany,FRA,EDDF,50.026421,8.543125,364,1,E,Lufthansa,\N,LH,DLH,LUFTHANSA,Germany,Y
29138,3320,273,275,LH,PHC,LOS,,0,333,Port Harcourt Intl,Port Hartcourt,Nigeria,PHC,DNPO,5.015494,6.949594,87,1,N,Murtala Muhammed,Lagos,Nigeria,LOS,DNMM,6.577369,3.321156,135,1,N,Lufthansa,\N,LH,DLH,LUFTHANSA,Germany,Y
29262,3320,340,273,LH,LOS,FRA,,0,333,Murtala Muhammed,Lagos,Nigeria,LOS,DNMM,6.577369,3.321156,135,1,N,Frankfurt Main,Frankfurt,Germany,FRA,EDDF,50.026421,8.543125,364,1,E,Lufthansa,\N,LH,DLH,LUFTHANSA,Germany,Y
29336,3320,260,340,LH,FRA,ABV,,0,333,Frankfurt Main,Frankfurt,Germany,FRA,EDDF,50.026421,8.543125,364,1,E,Nnamdi Azikiwe Intl,Abuja,Nigeria,ABV,DNAA,9.006792,7.263172,1123,1,N,Lufthansa,\N,LH,DLH,LUFTHANSA,Germany,Y
29369,3320,260,891,LH,SSG,ABV,,0,333,Malabo,Malabo,Equatorial Guinea,SSG,FGSL,3.755267,8.708717,76,1,N,Nnamdi Azikiwe Intl,Abuja,Nigeria,ABV,DNAA,9.006792,7.263172,1123,1,N,Lufthansa,\N,LH,DLH,LUFTHANSA,Germany,Y
29469,3320,891,260,LH,ABV,SSG,,0,333,Nnamdi Azikiwe Intl,Abuja,Nigeria,ABV,DNAA,9.006792,7.263172,1123,1,N,Malabo,Malabo,Equatorial Guinea,SSG,FGSL,3.755267,8.708717,76,1,N,Lufthansa,\N,LH,DLH,LUFTHANSA,Germany,Y
29613,3320,273,340,LH,FRA,LOS,,0,333,Frankfurt Main,Frankfurt,Germany,FRA,EDDF,50.026421,8.543125,364,1,E,Murtala Muhammed,Lagos,Nigeria,LOS,DNMM,6.577369,3.321156,135,1,N,Lufthansa,\N,LH,DLH,LUFTHANSA,Germany,Y
29724,3320,275,273,LH,LOS,PHC,,0,333,Murtala Muhammed,Lagos,Nigeria,LOS,DNMM,6.577369,3.321156,135,1,N,Port Harcourt Intl,Port Hartcourt,Nigeria,PHC,DNPO,5.015494,6.949594,87,1,N,Lufthansa,\N,LH,DLH,LUFTHANSA,Germany,Y
30981,3490,2177,270,ME,KAN,BEY,,0,332,Mallam Aminu Intl,Kano,Nigeria,KAN,DNKN,12.047589,8.524622,1562,1,N,Rafic Hariri Intl,Beirut,Lebanon,BEY,OLBA,33.820931,35.488389,87,2,E,Middle East Airlines,\N,ME,MEA,CEDAR JET,Lebanon,Y
30982,3490,253,273,ME,LOS,ABJ,,0,332,Murtala Muhammed,Lagos,Nigeria,LOS,DNMM,6.577369,3.321156,135,1,N,Abidjan Felix Houphouet Boigny Intl,Abidjan,Cote d'Ivoire,ABJ,DIAP,5.261386,-3.926294,21,0,N,Middle East Airlines,\N,ME,MEA,CEDAR JET,Lebanon,Y
30994,3490,2177,273,ME,LOS,BEY,,0,332,Murtala Muhammed,Lagos,Nigeria,LOS,DNMM,6.577369,3.321156,135,1,N,Rafic Hariri Intl,Beirut,Lebanon,BEY,OLBA,33.820931,35.488389,87,2,E,Middle East Airlines,\N,ME,MEA,CEDAR JET,Lebanon,Y
30996,3490,273,2177,ME,BEY,LOS,,0,332,Rafic Hariri Intl,Beirut,Lebanon,BEY,OLBA,33.820931,35.488389,87,2,E,Murtala Muhammed,Lagos,Nigeria,LOS,DNMM,6.577369,3.321156,135,1,N,Middle East Airlines,\N,ME,MEA,CEDAR JET,Lebanon,Y
30997,3490,273,253,ME,ABJ,LOS,,0,332,Abidjan Felix Houphouet Boigny Intl,Abidjan,Cote d'Ivoire,ABJ,DIAP,5.261386,-3.926294,21,0,N,Murtala Muhammed,Lagos,Nigeria,LOS,DNMM,6.577369,3.321156,135,1,N,Middle East Airlines,\N,ME,MEA,CEDAR JET,Lebanon,Y
31003,3490,270,2177,ME,BEY,KAN,,0,332,Rafic Hariri Intl,Beirut,Lebanon,BEY,OLBA,33.820931,35.488389,87,2,E,Mallam Aminu Intl,Kano,Nigeria,KAN,DNKN,12.047589,8.524622,1562,1,N,Middle East Airlines,\N,ME,MEA,CEDAR JET,Lebanon,Y
33462,407,277,260,W3,ABV,YOL,,0,CR9 73G,Nnamdi Azikiwe Intl,Abuja,Nigeria,ABV,DNAA,9.006792,7.263172,1123,1,N,Yola,Yola,Nigeria,YOL,DNYO,9.257553,12.430422,599,1,N,Arik Air,\N,W3,ARA,ARIK AIR,Nigeria,N
33464,407,264,260,W3,ABV,ENU,,0,73G,Nnamdi Azikiwe Intl,Abuja,Nigeria,ABV,DNAA,9.006792,7.263172,1123,1,N,Enugu,Enugu,Nigeria,ENU,DNEN,6.474272,7.561961,466,1,N,Arik Air,\N,W3,ARA,ARIK AIR,Nigeria,N
33466,407,276,260,W3,ABV,SKO,,0,CR9 73G,Nnamdi Azikiwe Intl,Abuja,Nigeria,ABV,DNAA,9.006792,7.263172,1123,1,N,Sadiq Abubakar Iii Intl,Sokoto,Nigeria,SKO,DNSO,12.916322,5.207189,1010,1,N,Arik Air,\N,W3,ARA,ARIK AIR,Nigeria,N
33467,407,273,1059,W3,FNA,LOS,,0,738,Freetown Lungi,Freetown,Sierra Leone,FNA,GFLL,8.616444,-13.195489,84,0,N,Murtala Muhammed,Lagos,Nigeria,LOS,DNMM,6.577369,3.321156,135,1,N,Arik Air,\N,W3,ARA,ARIK AIR,Nigeria,N
33469,407,263,273,W3,LOS,CBQ,,0,73G CR9,Murtala Muhammed,Lagos,Nigeria,LOS,DNMM,6.577369,3.321156,135,1,N,Calabar,Calabar,Nigeria,CBQ,DNCA,4.976019,8.347197,210,1,N,Arik Air,\N,W3,ARA,ARIK AIR,Nigeria,N
33471,407,248,273,W3,LOS,ACC,,0,73G 738 CR9,Murtala Muhammed,Lagos,Nigeria,LOS,DNMM,6.577369,3.321156,135,1,N,Kotoka Intl,Accra,Ghana,ACC,DGAA,5.605186,-0.166786,205,0,N,Arik Air,\N,W3,ARA,ARIK AIR,Nigeria,N
33472,407,266,260,W3,ABV,IBA,,0,DH4,Nnamdi Azikiwe Intl,Abuja,Nigeria,ABV,DNAA,9.006792,7.263172,1123,1,N,Ibadan,Ibadan,Nigeria,IBA,DNIB,7.362458,3.978333,725,1,N,Arik Air,\N,W3,ARA,ARIK AIR,Nigeria,N
33473,407,273,260,W3,ABV,LOS,,0,738 73G CR9,Nnamdi Azikiwe Intl,Abuja,Nigeria,ABV,DNAA,9.006792,7.263172,1123,1,N,Murtala Muhammed,Lagos,Nigeria,LOS,DNMM,6.577369,3.321156,135,1,N,Arik Air,\N,W3,ARA,ARIK AIR,Nigeria,N
33474,407,268,273,W3,LOS,JOS,,0,73G,Murtala Muhammed,Lagos,Nigeria,LOS,DNMM,6.577369,3.321156,135,1,N,Yakubu Gowon,Jos,Nigeria,JOS,DNJO,9.639828,8.86905,4232,1,N,Arik Air,\N,W3,ARA,ARIK AIR,Nigeria,N
33475,407,269,273,W3,LOS,KAD,,0,CR9,Murtala Muhammed,Lagos,Nigeria,LOS,DNMM,6.577369,3.321156,135,1,N,Kaduna,Kaduna,Nigeria,KAD,DNKA,10.696025,7.320114,2073,1,N,Arik Air,\N,W3,ARA,ARIK AIR,Nigeria,N
33476,407,260,275,W3,PHC,ABV,,0,73G,Port Harcourt Intl,Port Hartcourt,Nigeria,PHC,DNPO,5.015494,6.949594,87,1,N,Nnamdi Azikiwe Intl,Abuja,Nigeria,ABV,DNAA,9.006792,7.263172,1123,1,N,Arik Air,\N,W3,ARA,ARIK AIR,Nigeria,N
33477,407,897,273,W3,LOS,DLA,,0,73G CR9,Murtala Muhammed,Lagos,Nigeria,LOS,DNMM,6.577369,3.321156,135,1,N,Douala,Douala,Cameroon,DLA,FKKD,4.006081,9.719481,33,1,N,Arik Air,\N,W3,ARA,ARIK AIR,Nigeria,N
33478,407,273,248,W3,ACC,LOS,,0,73G 738 CR9,Kotoka Intl,Accra,Ghana,ACC,DGAA,5.605186,-0.166786,205,0,N,Murtala Muhammed,Lagos,Nigeria,LOS,DNMM,6.577369,3.321156,135,1,N,Arik Air,\N,W3,ARA,ARIK AIR,Nigeria,N
33479,407,273,813,W3,JNB,LOS,,0,345,Johannesburg Intl,Johannesburg,South Africa,JNB,FAJS,-26.139166,28.246,5558,2,U,Murtala Muhammed,Lagos,Nigeria,LOS,DNMM,6.577369,3.321156,135,1,N,Arik Air,\N,W3,ARA,ARIK AIR,Nigeria,N
33481,407,273,951,W3,LAD,LOS,,0,CR9,Luanda 4 De Fevereiro,Luanda,Angola,LAD,FNLU,-8.858375,13.231178,243,1,N,Murtala Muhammed,Lagos,Nigeria,LOS,DNMM,6.577369,3.321156,135,1,N,Arik Air,\N,W3,ARA,ARIK AIR,Nigeria,N
33482,407,248,260,W3,ABV,ACC,,0,CR9,Nnamdi Azikiwe Intl,Abuja,Nigeria,ABV,DNAA,9.006792,7.263172,1123,1,N,Kotoka Intl,Accra,Ghana,ACC,DGAA,5.605186,-0.166786,205,0,N,Arik Air,\N,W3,ARA,ARIK AIR,Nigeria,N
33483,407,260,266,W3,IBA,ABV,,0,DH4,Ibadan,Ibadan,Nigeria,IBA,DNIB,7.362458,3.978333,725,1,N,Nnamdi Azikiwe Intl,Abuja,Nigeria,ABV,DNAA,9.006792,7.263172,1123,1,N,Arik Air,\N,W3,ARA,ARIK AIR,Nigeria,N
33484,407,264,273,W3,LOS,ENU,,0,73G,Murtala Muhammed,Lagos,Nigeria,LOS,DNMM,6.577369,3.321156,135,1,N,Enugu,Enugu,Nigeria,ENU,DNEN,6.474272,7.561961,466,1,N,Arik Air,\N,W3,ARA,ARIK AIR,Nigeria,N
33485,407,6972,273,W3,LOS,QRW,,0,DH4,Murtala Muhammed,Lagos,Nigeria,LOS,DNMM,6.577369,3.321156,135,1,N,Warri Airport,Osubi,Nigeria,QRW,DNSU,5.31,5.45,50,1,U,Arik Air,\N,W3,ARA,ARIK AIR,Nigeria,N
33486,407,273,6730,W3,QOW,LOS,,0,73G,Imo Airport,Imo,Nigeria,QOW,DNIM,5.42706,7.20603,373,1,N,Murtala Muhammed,Lagos,Nigeria,LOS,DNMM,6.577369,3.321156,135,1,N,Arik Air,\N,W3,ARA,ARIK AIR,Nigeria,N
33488,407,260,277,W3,YOL,ABV,,0,CR9 73G,Yola,Yola,Nigeria,YOL,DNYO,9.257553,12.430422,599,1,N,Nnamdi Azikiwe Intl,Abuja,Nigeria,ABV,DNAA,9.006792,7.263172,1123,1,N,Arik Air,\N,W3,ARA,ARIK AIR,Nigeria,N
33489,407,273,1084,W3,DKR,LOS,,0,73G,Leopold Sedar Senghor Intl,Dakar,Senegal,DKR,GOOY,14.739708,-17.490225,85,0,N,Murtala Muhammed,Lagos,Nigeria,LOS,DNMM,6.577369,3.321156,135,1,N,Arik Air,\N,W3,ARA,ARIK AIR,Nigeria,N
33490,407,951,273,W3,LOS,LAD,,0,CR9,Murtala Muhammed,Lagos,Nigeria,LOS,DNMM,6.577369,3.321156,135,1,N,Luanda 4 De Fevereiro,Luanda,Angola,LAD,FNLU,-8.858375,13.231178,243,1,N,Arik Air,\N,W3,ARA,ARIK AIR,Nigeria,N
33491,407,271,260,W3,ABV,MIU,,0,73G,Nnamdi Azikiwe Intl,Abuja,Nigeria,ABV,DNAA,9.006792,7.263172,1123,1,N,Maiduguri,Maiduguri,Nigeria,MIU,DNMA,11.855347,13.08095,1099,1,N,Arik Air,\N,W3,ARA,ARIK AIR,Nigeria,N
33492,407,260,6730,W3,QOW,ABV,,0,73G DH4,Imo Airport,Imo,Nigeria,QOW,DNIM,5.42706,7.20603,373,1,N,Nnamdi Azikiwe Intl,Abuja,Nigeria,ABV,DNAA,9.006792,7.263172,1123,1,N,Arik Air,\N,W3,ARA,ARIK AIR,Nigeria,N
33493,407,263,260,W3,ABV,CBQ,,0,73G,Nnamdi Azikiwe Intl,Abuja,Nigeria,ABV,DNAA,9.006792,7.263172,1123,1,N,Calabar,Calabar,Nigeria,CBQ,DNCA,4.976019,8.347197,210,1,N,Arik Air,\N,W3,ARA,ARIK AIR,Nigeria,N
33494,407,3797,273,W3,LOS,JFK,Y,0,345,Murtala Muhammed,Lagos,Nigeria,LOS,DNMM,6.577369,3.321156,135,1,N,John F Kennedy Intl,New York,United States,JFK,KJFK,40.639751,-73.778925,13,-5,A,Arik Air,\N,W3,ARA,ARIK AIR,Nigeria,N
33495,407,273,268,W3,JOS,LOS,,0,73G,Yakubu Gowon,Jos,Nigeria,JOS,DNJO,9.639828,8.86905,4232,1,N,Murtala Muhammed,Lagos,Nigeria,LOS,DNMM,6.577369,3.321156,135,1,N,Arik Air,\N,W3,ARA,ARIK AIR,Nigeria,N
33496,407,273,269,W3,KAD,LOS,,0,CR9,Kaduna,Kaduna,Nigeria,KAD,DNKA,10.696025,7.320114,2073,1,N,Murtala Muhammed,Lagos,Nigeria,LOS,DNMM,6.577369,3.321156,135,1,N,Arik Air,\N,W3,ARA,ARIK AIR,Nigeria,N
33497,407,1084,273,W3,LOS,DKR,,0,73G,Murtala Muhammed,Lagos,Nigeria,LOS,DNMM,6.577369,3.321156,135,1,N,Leopold Sedar Senghor Intl,Dakar,Senegal,DKR,GOOY,14.739708,-17.490225,85,0,N,Arik Air,\N,W3,ARA,ARIK AIR,Nigeria,N
33498,407,6730,273,W3,LOS,QOW,,0,73G,Murtala Muhammed,Lagos,Nigeria,LOS,DNMM,6.577369,3.321156,135,1,N,Imo Airport,Imo,Nigeria,QOW,DNIM,5.42706,7.20603,373,1,N,Arik Air,\N,W3,ARA,ARIK AIR,Nigeria,N
33499,407,6972,260,W3,ABV,QRW,,0,DH4,Nnamdi Azikiwe Intl,Abuja,Nigeria,ABV,DNAA,9.006792,7.263172,1123,1,N,Warri Airport,Osubi,Nigeria,QRW,DNSU,5.31,5.45,50,1,U,Arik Air,\N,W3,ARA,ARIK AIR,Nigeria,N
33500,407,270,273,W3,LOS,KAN,,0,DH4,Murtala Muhammed,Lagos,Nigeria,LOS,DNMM,6.577369,3.321156,135,1,N,Mallam Aminu Intl,Kano,Nigeria,KAN,DNKN,12.047589,8.524622,1562,1,N,Arik Air,\N,W3,ARA,ARIK AIR,Nigeria,N
33501,407,273,6972,W3,QRW,LOS,,0,DH4,Warri Airport,Osubi,Nigeria,QRW,DNSU,5.31,5.45,50,1,U,Murtala Muhammed,Lagos,Nigeria,LOS,DNMM,6.577369,3.321156,135,1,N,Arik Air,\N,W3,ARA,ARIK AIR,Nigeria,N
33502,407,275,273,W3,LOS,PHC,,0,738 73G,Murtala Muhammed,Lagos,Nigeria,LOS,DNMM,6.577369,3.321156,135,1,N,Port Harcourt Intl,Port Hartcourt,Nigeria,PHC,DNPO,5.015494,6.949594,87,1,N,Arik Air,\N,W3,ARA,ARIK AIR,Nigeria,N
33503,407,260,264,W3,ENU,ABV,,0,73G,Enugu,Enugu,Nigeria,ENU,DNEN,6.474272,7.561961,466,1,N,Nnamdi Azikiwe Intl,Abuja,Nigeria,ABV,DNAA,9.006792,7.263172,1123,1,N,Arik Air,\N,W3,ARA,ARIK AIR,Nigeria,N
33504,407,275,260,W3,ABV,PHC,,0,73G,Nnamdi Azikiwe Intl,Abuja,Nigeria,ABV,DNAA,9.006792,7.263172,1123,1,N,Port Harcourt Intl,Port Hartcourt,Nigeria,PHC,DNPO,5.015494,6.949594,87,1,N,Arik Air,\N,W3,ARA,ARIK AIR,Nigeria,N
33505,407,273,264,W3,ENU,LOS,,0,73G,Enugu,Enugu,Nigeria,ENU,DNEN,6.474272,7.561961,466,1,N,Murtala Muhammed,Lagos,Nigeria,LOS,DNMM,6.577369,3.321156,135,1,N,Arik Air,\N,W3,ARA,ARIK AIR,Nigeria,N
33506,407,273,897,W3,DLA,LOS,,0,73G CR9,Douala,Douala,Cameroon,DLA,FKKD,4.006081,9.719481,33,1,N,Murtala Muhammed,Lagos,Nigeria,LOS,DNMM,6.577369,3.321156,135,1,N,Arik Air,\N,W3,ARA,ARIK AIR,Nigeria,N
33507,407,273,507,W3,LHR,LOS,Y,0,332,Heathrow,London,United Kingdom,LHR,EGLL,51.4775,-0.461389,83,0,E,Murtala Muhammed,Lagos,Nigeria,LOS,DNMM,6.577369,3.321156,135,1,N,Arik Air,\N,W3,ARA,ARIK AIR,Nigeria,N
33508,407,273,275,W3,PHC,LOS,,0,73G 738,Port Harcourt Intl,Port Hartcourt,Nigeria,PHC,DNPO,5.015494,6.949594,87,1,N,Murtala Muhammed,Lagos,Nigeria,LOS,DNMM,6.577369,3.321156,135,1,N,Arik Air,\N,W3,ARA,ARIK AIR,Nigeria,N
33509,407,267,260,W3,ABV,ILR,,0,CR9,Nnamdi Azikiwe Intl,Abuja,Nigeria,ABV,DNAA,9.006792,7.263172,1123,1,N,Ilorin,Ilorin,Nigeria,ILR,DNIL,8.440211,4.493919,1126,1,N,Arik Air,\N,W3,ARA,ARIK AIR,Nigeria,N
33511,407,260,267,W3,ILR,ABV,,0,CR9,Ilorin,Ilorin,Nigeria,ILR,DNIL,8.440211,4.493919,1126,1,N,Nnamdi Azikiwe Intl,Abuja,Nigeria,ABV,DNAA,9.006792,7.263172,1123,1,N,Arik Air,\N,W3,ARA,ARIK AIR,Nigeria,N
33512,407,260,248,W3,ACC,ABV,,0,CR9,Kotoka Intl,Accra,Ghana,ACC,DGAA,5.605186,-0.166786,205,0,N,Nnamdi Azikiwe Intl,Abuja,Nigeria,ABV,DNAA,9.006792,7.263172,1123,1,N,Arik Air,\N,W3,ARA,ARIK AIR,Nigeria,N
33513,407,6730,260,W3,ABV,QOW,,0,73G DH4,Nnamdi Azikiwe Intl,Abuja,Nigeria,ABV,DNAA,9.006792,7.263172,1123,1,N,Imo Airport,Imo,Nigeria,QOW,DNIM,5.42706,7.20603,373,1,N,Arik Air,\N,W3,ARA,ARIK AIR,Nigeria,N
33514,407,507,273,W3,LOS,LHR,Y,0,332,Murtala Muhammed,Lagos,Nigeria,LOS,DNMM,6.577369,3.321156,135,1,N,Heathrow,London,United Kingdom,LHR,EGLL,51.4775,-0.461389,83,0,E,Arik Air,\N,W3,ARA,ARIK AIR,Nigeria,N
33515,407,260,273,W3,LOS,ABV,,0,738 CR9 73G,Murtala Muhammed,Lagos,Nigeria,LOS,DNMM,6.577369,3.321156,135,1,N,Nnamdi Azikiwe Intl,Abuja,Nigeria,ABV,DNAA,9.006792,7.263172,1123,1,N,Arik Air,\N,W3,ARA,ARIK AIR,Nigeria,N
33516,407,273,263,W3,CBQ,LOS,,0,73G CR9,Calabar,Calabar,Nigeria,CBQ,DNCA,4.976019,8.347197,210,1,N,Murtala Muhammed,Lagos,Nigeria,LOS,DNMM,6.577369,3.321156,135,1,N,Arik Air,\N,W3,ARA,ARIK AIR,Nigeria,N
33517,407,260,263,W3,CBQ,ABV,,0,73G,Calabar,Calabar,Nigeria,CBQ,DNCA,4.976019,8.347197,210,1,N,Nnamdi Azikiwe Intl,Abuja,Nigeria,ABV,DNAA,9.006792,7.263172,1123,1,N,Arik Air,\N,W3,ARA,ARIK AIR,Nigeria,N
33518,407,260,271,W3,MIU,ABV,,0,73G,Maiduguri,Maiduguri,Nigeria,MIU,DNMA,11.855347,13.08095,1099,1,N,Nnamdi Azikiwe Intl,Abuja,Nigeria,ABV,DNAA,9.006792,7.263172,1123,1,N,Arik Air,\N,W3,ARA,ARIK AIR,Nigeria,N
33519,407,260,6972,W3,QRW,ABV,,0,DH4,Warri Airport,Osubi,Nigeria,QRW,DNSU,5.31,5.45,50,1,U,Nnamdi Azikiwe Intl,Abuja,Nigeria,ABV,DNAA,9.006792,7.263172,1123,1,N,Arik Air,\N,W3,ARA,ARIK AIR,Nigeria,N
33520,407,813,273,W3,LOS,JNB,,0,345,Murtala Muhammed,Lagos,Nigeria,LOS,DNMM,6.577369,3.321156,135,1,N,Johannesburg Intl,Johannesburg,South Africa,JNB,FAJS,-26.139166,28.246,5558,2,U,Arik Air,\N,W3,ARA,ARIK AIR,Nigeria,N
33521,407,1059,273,W3,LOS,FNA,,0,738,Murtala Muhammed,Lagos,Nigeria,LOS,DNMM,6.577369,3.321156,135,1,N,Freetown Lungi,Freetown,Sierra Leone,FNA,GFLL,8.616444,-13.195489,84,0,N,Arik Air,\N,W3,ARA,ARIK AIR,Nigeria,N
33522,407,262,260,W3,ABV,BNI,,0,CR9 73G,Nnamdi Azikiwe Intl,Abuja,Nigeria,ABV,DNAA,9.006792,7.263172,1123,1,N,Benin,Benin,Nigeria,BNI,DNBE,6.316981,5.599503,258,1,N,Arik Air,\N,W3,ARA,ARIK AIR,Nigeria,N
33523,407,273,270,W3,KAN,LOS,,0,DH4,Mallam Aminu Intl,Kano,Nigeria,KAN,DNKN,12.047589,8.524622,1562,1,N,Murtala Muhammed,Lagos,Nigeria,LOS,DNMM,6.577369,3.321156,135,1,N,Arik Air,\N,W3,ARA,ARIK AIR,Nigeria,N
33524,407,273,3797,W3,JFK,LOS,Y,0,345,John F Kennedy Intl,New York,United States,JFK,KJFK,40.639751,-73.778925,13,-5,A,Murtala Muhammed,Lagos,Nigeria,LOS,DNMM,6.577369,3.321156,135,1,N,Arik Air,\N,W3,ARA,ARIK AIR,Nigeria,N
33525,407,260,276,W3,SKO,ABV,,0,CR9 73G,Sadiq Abubakar Iii Intl,Sokoto,Nigeria,SKO,DNSO,12.916322,5.207189,1010,1,N,Nnamdi Azikiwe Intl,Abuja,Nigeria,ABV,DNAA,9.006792,7.263172,1123,1,N,Arik Air,\N,W3,ARA,ARIK AIR,Nigeria,N
33526,407,273,262,W3,BNI,LOS,,0,73G,Benin,Benin,Nigeria,BNI,DNBE,6.316981,5.599503,258,1,N,Murtala Muhammed,Lagos,Nigeria,LOS,DNMM,6.577369,3.321156,135,1,N,Arik Air,\N,W3,ARA,ARIK AIR,Nigeria,N
33527,407,262,273,W3,LOS,BNI,,0,73G,Murtala Muhammed,Lagos,Nigeria,LOS,DNMM,6.577369,3.321156,135,1,N,Benin,Benin,Nigeria,BNI,DNBE,6.316981,5.599503,258,1,N,Arik Air,\N,W3,ARA,ARIK AIR,Nigeria,N
33529,407,260,270,W3,KAN,ABV,,0,DH4,Mallam Aminu Intl,Kano,Nigeria,KAN,DNKN,12.047589,8.524622,1562,1,N,Nnamdi Azikiwe Intl,Abuja,Nigeria,ABV,DNAA,9.006792,7.263172,1123,1,N,Arik Air,\N,W3,ARA,ARIK AIR,Nigeria,N
33530,407,260,262,W3,BNI,ABV,,0,CR9 73G,Benin,Benin,Nigeria,BNI,DNBE,6.316981,5.599503,258,1,N,Nnamdi Azikiwe Intl,Abuja,Nigeria,ABV,DNAA,9.006792,7.263172,1123,1,N,Arik Air,\N,W3,ARA,ARIK AIR,Nigeria,N
33531,407,270,260,W3,ABV,KAN,,0,DH4,Nnamdi Azikiwe Intl,Abuja,Nigeria,ABV,DNAA,9.006792,7.263172,1123,1,N,Mallam Aminu Intl,Kano,Nigeria,KAN,DNKN,12.047589,8.524622,1562,1,N,Arik Air,\N,W3,ARA,ARIK AIR,Nigeria,N
34052,4091,2241,273,QR,LOS,DOH,,0,333 332,Murtala Muhammed,Lagos,Nigeria,LOS,DNMM,6.577369,3.321156,135,1,N,Doha Intl,Doha,Qatar,DOH,OTBD,25.261125,51.565056,35,3,U,Qatar Airways,\N,QR,QTR,QATARI,Qatar,Y
34079,4091,273,2241,QR,DOH,LOS,,0,333 332,Doha Intl,Doha,Qatar,DOH,OTBD,25.261125,51.565056,35,3,U,Murtala Muhammed,Lagos,Nigeria,LOS,DNMM,6.577369,3.321156,135,1,N,Qatar Airways,\N,QR,QTR,QATARI,Qatar,Y
34702,4248,1074,273,AT,LOS,CMN,,0,738 73G,Murtala Muhammed,Lagos,Nigeria,LOS,DNMM,6.577369,3.321156,135,1,N,Mohammed V Intl,Casablanca,Morocco,CMN,GMMN,33.367467,-7.589967,656,0,N,Royal Air Maroc,\N,AT,RAM,ROYALAIR MAROC,Morocco,Y
34711,4248,273,245,AT,COO,LOS,,0,738,Cadjehoun,Cotonou,Benin,COO,DBBB,6.357228,2.384353,19,1,N,Murtala Muhammed,Lagos,Nigeria,LOS,DNMM,6.577369,3.321156,135,1,N,Royal Air Maroc,\N,AT,RAM,ROYALAIR MAROC,Morocco,Y
34886,4259,273,2170,RJ,AMM,LOS,,0,330,Queen Alia Intl,Amman,Jordan,AMM,OJAI,31.722556,35.993214,2395,2,E,Murtala Muhammed,Lagos,Nigeria,LOS,DNMM,6.577369,3.321156,135,1,N,Royal Jordanian,\N,RJ,RJA,JORDANIAN,Jordan,Y
34906,4259,273,248,RJ,ACC,LOS,,0,330,Kotoka Intl,Accra,Ghana,ACC,DGAA,5.605186,-0.166786,205,0,N,Murtala Muhammed,Lagos,Nigeria,LOS,DNMM,6.577369,3.321156,135,1,N,Royal Jordanian,\N,RJ,RJA,JORDANIAN,Jordan,Y
34941,4259,2170,273,RJ,LOS,AMM,,0,330,Murtala Muhammed,Lagos,Nigeria,LOS,DNMM,6.577369,3.321156,135,1,N,Queen Alia Intl,Amman,Jordan,AMM,OJAI,31.722556,35.993214,2395,2,E,Royal Jordanian,\N,RJ,RJA,JORDANIAN,Jordan,Y
34969,4259,248,273,RJ,LOS,ACC,,0,330,Murtala Muhammed,Lagos,Nigeria,LOS,DNMM,6.577369,3.321156,135,1,N,Kotoka Intl,Accra,Ghana,ACC,DGAA,5.605186,-0.166786,205,0,N,Royal Jordanian,\N,RJ,RJA,JORDANIAN,Jordan,Y
35002,4292,273,248,WB,ACC,LOS,,0,738,Kotoka Intl,Accra,Ghana,ACC,DGAA,5.605186,-0.166786,205,0,N,Murtala Muhammed,Lagos,Nigeria,LOS,DNMM,6.577369,3.321156,135,1,N,Rwandair Express,\N,WB,RWD,RWANDAIR,Rwanda,Y
35003,4292,248,273,WB,LOS,ACC,,0,738,Murtala Muhammed,Lagos,Nigeria,LOS,DNMM,6.577369,3.321156,135,1,N,Kotoka Intl,Accra,Ghana,ACC,DGAA,5.605186,-0.166786,205,0,N,Rwandair Express,\N,WB,RWD,RWANDAIR,Rwanda,Y
35014,4292,1165,273,WB,LOS,KGL,,0,738,Murtala Muhammed,Lagos,Nigeria,LOS,DNMM,6.577369,3.321156,135,1,N,Kigali Intl,Kigali,Rwanda,KGL,HRYR,-1.968628,30.13945,4859,2,U,Rwandair Express,\N,WB,RWD,RWANDAIR,Rwanda,Y
35021,4292,273,1165,WB,KGL,LOS,,0,738,Kigali Intl,Kigali,Rwanda,KGL,HRYR,-1.968628,30.13945,4859,2,U,Murtala Muhammed,Lagos,Nigeria,LOS,DNMM,6.577369,3.321156,135,1,N,Rwandair Express,\N,WB,RWD,RWANDAIR,Rwanda,Y
37289,4305,273,813,SA,JNB,LOS,,0,332 346,Johannesburg Intl,Johannesburg,South Africa,JNB,FAJS,-26.139166,28.246,5558,2,U,Murtala Muhammed,Lagos,Nigeria,LOS,DNMM,6.577369,3.321156,135,1,N,South African Airways,SAA South African Airways,SA,SAA,SPRINGBOK,South Africa,Y
37325,4305,813,273,SA,LOS,JNB,,0,332 346,Murtala Muhammed,Lagos,Nigeria,LOS,DNMM,6.577369,3.321156,135,1,N,Johannesburg Intl,Johannesburg,South Africa,JNB,FAJS,-26.139166,28.246,5558,2,U,South African Airways,SAA South African Airways,SA,SAA,SPRINGBOK,South Africa,Y
39622,4521,270,999,SD,NDJ,KAN,,0,AB6,Ndjamena Hassan Djamous,N'djamena,Chad,NDJ,FTTJ,12.133689,15.034019,968,1,N,Mallam Aminu Intl,Kano,Nigeria,KAN,DNKN,12.047589,8.524622,1562,1,N,Sudan Airways,\N,SD,SUD,SUDANAIR,Sudan,Y
39632,4521,1175,270,SD,KAN,KRT,,0,AB6,Mallam Aminu Intl,Kano,Nigeria,KAN,DNKN,12.047589,8.524622,1562,1,N,Khartoum,Khartoum,Sudan,KRT,HSSS,15.589497,32.553161,1265,2,U,Sudan Airways,\N,SD,SUD,SUDANAIR,Sudan,Y
45051,4951,1701,273,TK,LOS,IST,,0,739,Murtala Muhammed,Lagos,Nigeria,LOS,DNMM,6.577369,3.321156,135,1,N,Ataturk,Istanbul,Turkey,IST,LTBA,40.976922,28.814606,163,2,E,Turkish Airlines,\N,TK,THY,TURKAIR,Turkey,Y
45564,4951,273,1701,TK,IST,LOS,,0,739,Ataturk,Istanbul,Turkey,IST,LTBA,40.976922,28.814606,163,2,E,Murtala Muhammed,Lagos,Nigeria,LOS,DNMM,6.577369,3.321156,135,1,N,Turkish Airlines,\N,TK,THY,TURKAIR,Turkey,Y
47048,5209,273,275,UA,PHC,LOS,Y,0,333,Port Harcourt Intl,Port Hartcourt,Nigeria,PHC,DNPO,5.015494,6.949594,87,1,N,Murtala Muhammed,Lagos,Nigeria,LOS,DNMM,6.577369,3.321156,135,1,N,United Airlines,\N,UA,UAL,UNITED,United States,Y
47812,5209,273,3550,UA,IAH,LOS,,0,788,George Bush Intercontinental,Houston,United States,IAH,KIAH,29.984433,-95.341442,97,-6,A,Murtala Muhammed,Lagos,Nigeria,LOS,DNMM,6.577369,3.321156,135,1,N,United Airlines,\N,UA,UAL,UNITED,United States,Y
47959,5209,340,273,UA,LOS,FRA,Y,0,333,Murtala Muhammed,Lagos,Nigeria,LOS,DNMM,6.577369,3.321156,135,1,N,Frankfurt Main,Frankfurt,Germany,FRA,EDDF,50.026421,8.543125,364,1,E,United Airlines,\N,UA,UAL,UNITED,United States,Y
48178,5209,273,340,UA,FRA,LOS,Y,0,333,Frankfurt Main,Frankfurt,Germany,FRA,EDDF,50.026421,8.543125,364,1,E,Murtala Muhammed,Lagos,Nigeria,LOS,DNMM,6.577369,3.321156,135,1,N,United Airlines,\N,UA,UAL,UNITED,United States,Y
48907,5209,3550,273,UA,LOS,IAH,,0,788,Murtala Muhammed,Lagos,Nigeria,LOS,DNMM,6.577369,3.321156,135,1,N,George Bush Intercontinental,Houston,United States,IAH,KIAH,29.984433,-95.341442,97,-6,A,United Airlines,\N,UA,UAL,UNITED,United States,Y
48950,5209,275,273,UA,LOS,PHC,Y,0,333,Murtala Muhammed,Lagos,Nigeria,LOS,DNMM,6.577369,3.321156,135,1,N,Port Harcourt Intl,Port Hartcourt,Nigeria,PHC,DNPO,5.015494,6.949594,87,1,N,United Airlines,\N,UA,UAL,UNITED,United States,Y
51608,5347,273,507,VS,LHR,LOS,,0,346,Heathrow,London,United Kingdom,LHR,EGLL,51.4775,-0.461389,83,0,E,Murtala Muhammed,Lagos,Nigeria,LOS,DNMM,6.577369,3.321156,135,1,N,Virgin Atlantic Airways,\N,VS,VIR,VIRGIN,United Kingdom,Y
51635,5347,507,273,VS,LOS,LHR,,0,346,Murtala Muhammed,Lagos,Nigeria,LOS,DNMM,6.577369,3.321156,135,1,N,Heathrow,London,United Kingdom,LHR,EGLL,51.4775,-0.461389,83,0,E,Virgin Atlantic Airways,\N,VS,VIR,VIRGIN,United Kingdom,Y
54183,596,248,273,AZ,LOS,ACC,,0,330,Murtala Muhammed,Lagos,Nigeria,LOS,DNMM,6.577369,3.321156,135,1,N,Kotoka Intl,Accra,Ghana,ACC,DGAA,5.605186,-0.166786,205,0,N,Alitalia,\N,AZ,AZA,ALITALIA,Italy,Y
54541,596,273,1555,AZ,FCO,LOS,,0,330,Fiumicino,Rome,Italy,FCO,LIRF,41.804475,12.250797,15,1,E,Murtala Muhammed,Lagos,Nigeria,LOS,DNMM,6.577369,3.321156,135,1,N,Alitalia,\N,AZ,AZA,ALITALIA,Italy,Y
